Vendor,ProductName,DomainName,Purpose,Description
Electrum,Electrum Wallet,22mgr2fndslabzvx4sj7ialugn2jv3cfqjb3dnj67a6vnrkp7g4l37ad.onion,Unknown,Present in seed file server.json
Electrum,Electrum Wallet,2AZZARITA.hopto.org,Unknown,Present in seed file server.json
Electrum,Electrum Wallet,2electrumx.hopto.me,Unknown,Present in seed file server.json
Electrum,Electrum Wallet,2ex.digitaleveryware.com,Unknown,Present in seed file server.json
Electrum,Electrum Wallet,E-X.not.fyi,Unknown,Present in seed file server.json
Electrum,Electrum Wallet,VPS.hsmiths.com,Unknown,Present in seed file server.json
Electrum,Electrum Wallet,alviss.coinjoined.com,Unknown,Present in seed file server.json
Electrum,Electrum Wallet,assuredly.not.fyi,Unknown,Present in seed file server.json
Electrum,Electrum Wallet,bejqtnc64qttdempkczylydg7l3ordwugbdar7yqbndck53ukx7wnwad.onion,Unknown,Present in seed file server.json
Electrum,Electrum Wallet,bitcoin.aranguren.org,Unknown,Present in seed file server.json
Electrum,Electrum Wallet,bitcoin.lu.ke,Unknown,Present in seed file server.json
Electrum,Electrum Wallet,bitcoins.sk,Unknown,Present in seed file server.json
Electrum,Electrum Wallet,blackie.c3-soft.com,Unknown,Present in seed file server.json and server_testnet.json
Electrum,Electrum Wallet,blkhub.net,Unknown,Present in seed file server.json
Electrum,Electrum Wallet,blockstream.info,Unknown,Present in seed file server.json and server_testnet.json
Electrum,Electrum Wallet,btc.electroncash.dk,Unknown,Present in seed file server.json
Electrum,Electrum Wallet,btc.litepay.ch,Unknown,Present in seed file server.json
Electrum,Electrum Wallet,btc.ocf.sh,Unknown,Present in seed file server.json
Electrum,Electrum Wallet,btce.iiiiiii.biz,Unknown,Present in seed file server.json
Electrum,Electrum Wallet,de.poiuty.com,Unknown,Present in seed file server.json
Electrum,Electrum Wallet,e.keff.org,Unknown,Present in seed file server.json
Electrum,Electrum Wallet,e2.keff.org,Unknown,Present in seed file server.json
Electrum,Electrum Wallet,eai.coincited.net,Unknown,Present in seed file server.json
Electrum,Electrum Wallet,ecdsa.net,Unknown,Present in seed file server.json
Electrum,Electrum Wallet,egyh5mutxwcvwhlvjubf6wytwoq5xxvfb2522ocx77puc6ihmffrh6id.onion,Unknown,Present in seed file server.json
Electrum,Electrum Wallet,electrum.bitaroo.net,Unknown,Present in seed file server.json
Electrum,Electrum Wallet,electrum.blockstream.info,Unknown,Present in seed file server.json and server_testnet.json
Electrum,Electrum Wallet,electrum.dcn.io,Unknown,Present in seed file server.json
Electrum,Electrum Wallet,electrum.emzy.de,Unknown,Present in seed file server.json
Electrum,Electrum Wallet,electrum.hodlister.co,Unknown,Present in seed file server.json
Electrum,Electrum Wallet,electrum.hsmiths.com,Unknown,Present in seed file server.json
Electrum,Electrum Wallet,electrum.jochen-hoenicke.de,Unknown,Present in seed file server.json
Electrum,Electrum Wallet,electrum.pabu.io,Unknown,Present in seed file server.json
Electrum,Electrum Wallet,electrum.qtornado.com,Unknown,Present in seed file server.json
Electrum,Electrum Wallet,electrum3.hodlister.co,Unknown,Present in seed file server.json
Electrum,Electrum Wallet,electrum5.hodlister.co,Unknown,Present in seed file server.json
Electrum,Electrum Wallet,electrumx.alexridevski.net,Unknown,Present in seed file server.json
Electrum,Electrum Wallet,electrumx.erbium.eu,Unknown,Present in seed file server.json
Electrum,Electrum Wallet,electrumx.schulzemic.net,Unknown,Present in seed file server.json
Electrum,Electrum Wallet,elx.bitske.com,Unknown,Present in seed file server.json
Electrum,Electrum Wallet,ex.btcmp.com,Unknown,Present in seed file server.json
Electrum,Electrum Wallet,ex03.axalgo.com,Unknown,Present in seed file server.json
Electrum,Electrum Wallet,explorerzydxu5ecjrkwceayqybizmpjjznk5izmitf2modhcusuqlid.onion,Unknown,Present in seed file server.json and server_testnet.json
Electrum,Electrum Wallet,exs.dyshek.org,Unknown,Present in seed file server.json
Electrum,Electrum Wallet,fortress.qtornado.com,Unknown,Present in seed file server.json
Electrum,Electrum Wallet,fulcrum.grey.pw,Unknown,Present in seed file server.json
Electrum,Electrum Wallet,gall.pro,Unknown,Present in seed file server.json
Electrum,Electrum Wallet,guichet.centure.cc,Unknown,Present in seed file server.json
Electrum,Electrum Wallet,hodlers.beer,Unknown,Present in seed file server.json
Electrum,Electrum Wallet,horsey.cryptocowboys.net,Unknown,Present in seed file server.json
Electrum,Electrum Wallet,kareoke.qoppa.org,Unknown,Present in seed file server.json
Electrum,Electrum Wallet,kittycp2gatrqhlwpmbczk5rblw62enrpo2rzwtkfrrr27hq435d4vid.onion,Unknown,Present in seed file server.json
Electrum,Electrum Wallet,lavahost.org,Unknown,Present in seed file server.json
Electrum,Electrum Wallet,node.degga.net,Unknown,Present in seed file server.json
Electrum,Electrum Wallet,node1.btccuracao.com,Unknown,Present in seed file server.json
Electrum,Electrum Wallet,nuzzg3pku3xbctgamzq3pf7ztakkiidnmmier64arqwh3ajdddovatad.onion,Unknown,Present in seed file server.json
Electrum,Electrum Wallet,qly7g5n5t3f3h23xvbp44vs6vpmayurno4basuu5rcvrupli7y2jmgid.onion,Unknown,Present in seed file server.json
Electrum,Electrum Wallet,rzspa374ob3hlyjptkdgz6a62wim2mpanuw6m3shlwn2cxg2smy3p7yd.onion,Unknown,Present in seed file server.json
Electrum,Electrum Wallet,skbxmit.coinjoined.com,Unknown,Present in seed file server.json
Electrum,Electrum Wallet,smmalis37.ddns.net,Unknown,Present in seed file server.json
Electrum,Electrum Wallet,stavver.dyshek.org,Unknown,Present in seed file server.json
Electrum,Electrum Wallet,tardis.bauerj.eu,Unknown,Present in seed file server.json
Electrum,Electrum Wallet,ty6cgwaf2pbc244gijtmpfvte3wwfp32wgz57eltjkgtsel2q7jufjyd.onion,Unknown,Present in seed file server.json
Electrum,Electrum Wallet,udfpzbte2hommnvag5f3qlouqkhvp3xybhlus2yvfeqdwlhjroe4bbyd.onion,Unknown,Present in seed file server.json
Electrum,Electrum Wallet,v7gtzf7nua6hdmb2wtqaqioqmesdb4xrlly4zwr7bvayxv2bpg665pqd.onion,Unknown,Present in seed file server.json
Electrum,Electrum Wallet,v7o2hkemnt677k3jxcbosmjjxw3p5khjyu7jwv7orfy6rwtkizbshwqd.onion,Unknown,Present in seed file server.json
Electrum,Electrum Wallet,venmrle3xuwkgkd42wg7f735l6cghst3sdfa3w3ryib2rochfhld6lid.onion,Unknown,Present in seed file server.json
Electrum,Electrum Wallet,vmd71287.contaboserver.net,Unknown,Present in seed file server.json
Electrum,Electrum Wallet,vmd84592.contaboserver.net,Unknown,Present in seed file server.json
Electrum,Electrum Wallet,wsw6tua3xl24gsmi264zaep6seppjyrkyucpsmuxnjzyt3f3j6swshad.onion,Unknown,Present in seed file server.json
Electrum,Electrum Wallet,xtrum.com,Unknown,Present in seed file server.json
Electrum,Electrum Wallet,testnet.aranguren.org,Unknown,Present in seed file server_testnet.json
Electrum,Electrum Wallet,testnet.hsmiths.com,Unknown,Present in seed file server_testnet.json
Electrum,Electrum Wallet,testnet.qtornado.com,Unknown,Present in seed file server_testnet.json
Electrum,Electrum Wallet,tn.not.fyi,Unknown,Present in seed file server_testnet.json